Page;Review Later;Office;date_source_text;date_start;date_start_uncertain;date_end;date_end_uncertain;Praenomen;Nomen;Filiation;Tribe;RE;Cognomen;Notes
462;;Praetor;after 41;-40; ;-40;1;M;Barbatius;;;1;Philippus;Praetor at some unknown date after 41 (Ulpian Dig. 1.14.3, Barbarius** cf. Dio 48.34.5** Suidas s. v. Bocpo (I)XLZto4).
462;y;Praetor;before 90 or before 100;-101;1;-91;;C;(Atinius?);;;3;Labeo;Governor (Pr. or Propr.) of Asia before 90, possibly before 100 B. C. (I. v. Priene 121** see Magie, Roman Rule in Asia Minor 1579).
462;;Praetor;C3;-300;1;-201;1;C. ?;An(n)ius;;;8;;CIL 1(2).2.20: (quais)toris or (prai)toris. Third century B. C.
462;;Praetor;C1;-100;1;-1;1;L;Ateius;;;9;Capito;Tac. Ann. 3.75, a praetorius** cf. Fast. Cap., Degrassi 60f., 141, 528f., his son held the consulship in 5 A. D.
462;y;Praetor;205, 191, 190?;-205;1;-190;1;L;Aemilius;L. f.;;14;;CIL 1(2).2.803-ILS 3141. Possibly Aemilius Papus, Pr. 205, or Paullus, Pr. 191, less probably Regillus, who was M. f., Pr. 190.
462;;Praetor;C3;-300;1;-201;1;[M]. ?;[Aem?]ilius;M. f.;;18;;CIL 1(2).2.20** (quais)toris or (prai)toris. Third century B. C.
462;y;Praetor;late Republic or early Augustan;-60;1;-31;;C;Appuleius;M. f.;;31;Tappo;CIL 1(2).2.814-ILS 906. Late Republic or Early Augustan period. See PIR(2) 1.187f., no. 967.
462;y;Praetor;;;;;;C;Aelius;;;149;Tubero;A praetorius, cited by Messalla Rufus, Cos. 53, as an example of one who was placed on the pyre and returned alive (Plin. NH 7.173).
462;y;Praetor;;;;;;C. ?;Aelius;;;103, cf. 148, 149;Tubero;Pr. Urbanus The Praetor who killed a portentous woodpecker and died shortly afterwards (Plin. NH 10.41** Frontin. Str. 4.5.14, with the names L. Aelius and Laelius** cf. Varro in Non. Marc. 518 L** Val. Max. 5.6.4, on the Pr. Aelius, who died at Cannae).
462;;Praetor;late C2;-125; ;-101; ;P;Atilius;L. f.;;not in RE;;Pr. Urbanus CIL 1(2).2.825-ILS 5742. Probably late second century.
463;y;Praetor;late Republic or early Augustan;-60;1;-31;;Q;Caerellius;M. f.;;2;;A Praetor in the late Republic or the Early Augustan period (CIL 6.1364-ILS 943** see PIR(2) 2.29, no. 155). Also a Legate of M. Antonius.
463;;Praetor;after 46;-45;;-45;1;M';Cordius;;;2;Rufus;CIL 14.2603-ILS 902. Praetor of uncertain date, but after 46 B.C.
463;y;Praetor;late Republic or early Augustan;-60;1;-31; ;C;Cestius;L. f.;Pob;7;Epulo;Praetor in the late Republic or the Early Augustan period (CIL 6.1374-ILS 917** see PIR(2) 2.151, no. 686). Died before 12 B. C.
463;y;Praetor;early date;;;;;P;Claudius;;;27;;An unknown Claudius of early date who is said to have sold the Camerini into slavery (Val. Max. 6.5.1).
463;;Praetor;C1;-100; ;-1; ;-;(Caecilius);;;70;Metellus;A praetorius who saved his father, an Antonian supporter and a prisoner after Actium at Samos (App. BC 4.42).
463;y;Praetor;before 67?;-68;1;-68;;Ti;Claudius;;;253;Nero;Spoke in a praetorian place in the Senate in 63 (Sall. Cat. 50.4), perhaps a Praetor before 67.
463;;Praetor;after 49;-48;;-48;1;M;Cispius ;;;4?;;CIL 1(2).2.819. The Tribune of the Plebs in 57 went into exile for ambitus (Cic. Planc. 75** Schol. Bob. 165 Stangl), but may have returned and resumed his career in 49.
463;y;Praetor;before 90 or before 100;-101;1;-91;;L;(Calpurnius);;;98, Supb. 3.231;Piso;A Praetor or Propraetor in Asia before 90, possibly before 100 B. C. (I. v. Priene 121, cf. p. 551** see Magie, Roman Rule in Asia Minor 2.1579).
463;y;Praetor;perhaps after 31;-30;1;-30;1;P;Claudius;;;Clodius 49;Pulcher;CIL 6.1282-ILS 882, date uncertain, but possibly after 31. See PIR(2) 2.240, no. 987.
463;y;Praetor;late Republic or early Augustan;-60;1;-31; ;L;Caecina ;;;not in RE;;A Praetor in the late Republic or the Early Augustan period (CIL 1(2).2.2515** see PIR(2) 2.17, no. 96).
463;y;Praetor;before Sullan period;-89;1;-89;;C;Caninius;C. f.;;Supb. 3.232;;Pr. Urbanus, probably before the period of Sulla (CIL 1(2).2.2516 -ILS 9376).
464;y;Praetor;late Republic;-60;1;-31; ;M;Fruticius;;;1;;CIL 1(2).2.826. Late Republic. Date and identification uncertain.
464;y;Praetor;uncertain but early date;;;;;-;Genucius;;;16;Cipus;Praetor, at an uncertain but quite early date, who undertook a self-imposed exile rather than fulfil a portent that he should be king (Val. Max. 5.6.3** Plin. NH 11.123** Ovid Met. 15.565ff.** see RE 5.2565).
464;y;Praetor;;;;;;-;Domitius;;;40;Calvinus;A commander in operations in Liguria, probably Pr. or Procos. (Frontin. Str. 3.2.1). Unidentifiable.
464;y;Praetor;;;;;;L;Furius;;;55;Crassipes;Pr. or Promagistrate, probably in Macedonia. Honored at Athens (BCH 6. 278, no. 3), and an epoptes at Samothrace (CIL 3.12318-ILS 4054), without title.
464;y;Praetor;late C2;-125; ;-101; ;Q;Fabius;;;92;Labeo;CIL 1(2).2.823, and 824** see 110, Promagistrates. A Praetor and then Proconsul in Spain in the late second century.
464;y;Praetor;uncertain;;;;;-;Fabius;;;144;Senator;Plin. NH 7.44. Date quite uncertain.
464;y;Praetor;late Republic or early Augustan;-50;1;-10;1;-;Cornelius;;;163;Gallus;A Praetor in the late Republic or the Early Augustan age (Val. Max. 9.12.8** Plin. NH 7.184).
464;y;Praetor;;;;;;L;?;;;35;Pella;See above, on L. Iulius Mocilla, and L. Livius Ocella.
464;;Praetor;before 42;-43;1;-43;;L;Iulius;;;362;Mocilla;A praetorius in the army of Brutus whom Atticus aided after Philippi (Nepos Att. 11.2). See below, on L. Livius Ocella.
464;y;Praetor;before 82?;-82;1;-82;1;L;Cornelius;;;194, cf. 195;Lentulus;Cic. Arch. 9. Praetor at an uncertain date, probably before 82.
464;y;Praetor;C1?;-100;1;-1;1;L;Livius;;;25, 26;Ocella;Munzer identifies him with L. Iulius Mocilla (above), and with the [GREEK] who was condemned by Brutus at Sardis in 42 (Plut. Brut. 35).
464;y;Praetor;;;;;;L;(Livineius?);;;see 2;Regulus;Named as Pr(aetor) on coins of L. Livineius Regulus (Grueber, CRRBM 1.580** cf. Cic. Att. 3.17.1).
464;y;Praetor;date unknown;;;;;A. ?;(Manlius);;;see 74;Torquatus;Commander in a campaign, probably in Greece or Sicily, date and title unknown (Frontin. Str. 3.5.3).
465;y;Praetor;late Republic or early Augustan;-50;1;-10;1;Q;Sanquinius;Q. f.;;3;;CIL 1(2).2.837-ILS 905. See PIR 3.173, no. 135. Late Republic or Early Augustan period.
465;y;Praetor;late C2 to early C1;-125;1;-76;1;P;Sextius;;;9;;Pr. Designatus. Convicted of ambitus about 90 B. C. by T. Iunius L. f. (Cic. Brut. 180** see Niccolini, FTP 422).
465;;Praetor;late C2 xxxx;-200; ;-101; ;M';Sergius;;;17;;Pr. and then Procos. when he governed Hither Spain in the late second century (CIL 1(2).2.840** see 110, Promagistrates).
465;y;Praetor;before 90 or before 100;-101;1;-91;;M;(Plautius);;;22;Hypsaeus;Praetor or Propraetor in Asia before 90, possibly before 100 B. C. (I. v. Priene 121** see Magie, Roman Rule in Asia Minor 1579). Munzer however believes that he was a Legate under Sulla and identifies him with the M. Plautius, Prefect of an allied fleet, which he was bringing back from Asia when he committed suicide at the news of the death of his wife Orestilla (Val. Max. 4.6.3). See below, Prefects of uncertain date.
465;y;Praetor;late Republic;-60;1;-31; ;C;Sulpicius;;;52;Galba;Grandfather of the future emperor and father of the Consul of 5 A. D., his career reached only to the praetorship (Suet. Galba 3.3** on SEG 1.169, see Miinzer, RE).
465;;Praetor;before 44;-44;1;-44;;C;Sempronius;;;79;Rufus;A praetorius in 44 (Porphyrio on Hor. Sat. 2.2.49f.** cf. Acro and Comm. Cruq. ad loc.). Certainly in the Senate (Cic. Fam. 12.29.2).
465;y;Praetor;;;;;;C;Servilius;;;91;Vatia;Probably the father of Servilius Vatia Isauricus, who held command of some province, probably Macedonia, and was honored at Olympia (Cic. Verr. 2.3.211** I. v. Olymp., 329).
465;;Praetor;before 42;-42;1;-42;;L;(Quinctilius);;;?;Varus;Vell. 2.71.2. See 42, Prefects.
465;;Praetor;after 89;-88;;-88;1;L;Sentius;C. f.;;6, 9?;;CIL 1(2).2.838, and 839-ILS 8208. Probably the Monetalis of ca. 89 B. C. M'. SERGIUS Pat. (17) Pr. and then Procos. when he governed Hither Spain in the late second century (CIL 1(2).2.840** see 110, Promagistrates).
465;;Praetor;early to mid C2;-200; ;-151; ;P;Sextilius;;;not in RE;;Named, probably as presiding officer, in a fragmentary decree of the Senate discovered at Trikkala in Thessaly (Giannopoulos, Eph. Arch. 1934-35, 149, no. 2 [pub. 1936]** cf. L. Robert, Etudes Epig. et Phil. 287f., note 1). Probably before the middle of the second century.
466;y;Praetor;44?;-44;1;-44;1;P. ?;Tedetius;L. f.;Pol;1;;Listed as a senator in Joseph. AJ 14.220, where the order favors the assumption that he had praetorian rank in 44.
466;;Praetor;before 43;-44;1;-44;;-;Tedius;;;1;Afer;Consul Designatus under the Second Triumvirate, who committed suicide because of threats from Octavian (Suet. Aug. 27.3** cf. on Uttiedius Afer, Augur and Cos. Desig., Inscr. Ital. 1.1, Tibur, 134).
466;y;Aedile;late Republic or early Augustan;-50;1;-10;1;M;Ampudius;N. f.;;1;;Date uncertain, but late Republic or Early Augustan period. CIL 1(2).2.812** see PIR(2) 1.94, no. 569.
466;y;Praetor;;;;;;Cn;Tremellius;;;5;Scrofa;Varro RR 2.4.2. See 71.
466;y;Aedile;39?;-39;1;-39;1;P. ?;Attis;P. f.;;6;;Senator, perhaps aedilicius, named in the SC de Panamareis, Viereck no. 20.
466;y;Aedile;late Republic or early Augustan;-50;1;-10;1;C;Appuleius;M. f.;;31;Tappo;Late Republic or Early Augustan period. CIL 1(2).2.814-ILS 906** see PIR(2) 1.187f., no. 967.
466;;Aedile;before 75;-76;1;-76;;C. ?;Aurelius;;;96;Cotta;Cos. 75 Attained all the highest offices (Cic. Off. 2.59). No specific proof that he held the aedileship.
466;y;Praetor;late C2 to early C1;-125;1;-76;1;L;Titius;;;14, cf. 15;;Val. Max. 8.3.1. He may be identified with the Titius mentioned in Plin. NH 31.11 (but cf. C. Titius Rufus, Pr. 50), and father of the Consul of 31.
466;;Praetor;after 76;-75;;-75;1;M;Terentius;;;84, Supb. 6.1172ff.;Varro;The date of his praetorship is uncertain but probably came soon after 76 (App. BC 4.47** Themist. p. 453 D** see Cichorius RS 203).
466;y;Praetor;;;;;;L;(-);L. f.;;not in RE;Flaccus;CIL 1(2).2.800. Leased a construction for Aesculapius as Aedile and approved it as Praetor.
466;y;Praetor;;;;;;-;(-)minius;T. f.;;not in RE;Longinus;Ann. Epig. 1948, no. 65: PR EX S C, inscribed on an archaic peperino altar. The names Cominius and Geminius have been suggested.
467;y;Aedile;late Republic;-60;1;-31; ;P;Barronius;;;1;Barba;CIL 1(2).2.817. A Curule Aedile in the late Republic. Date and identification uncertain.
467;;Aedile;before 200;-200;1;-200;;C;Cincius;;;1;;CIL 1(2).2.22, Aedile of the Plebs. Name on a milestone on the road to Ostia, probably before 200.
467;;Aedile;C3;-300; ;-201; ;P;Condetius;;;1;Va. Fi.;CIL 1(2).2.37, dated in the third century, but not certainly original at Rome.
467;y;Aedile;late Republic or early Augustan;-50;1;-10;1;M;Fruticius;;;1;;Late Republic or Early Augustan period. CIL 1(2).2.826** see PIR(2) 3.203, no. 494.
467;y;Aedile;date uncertain;;;;;P;Menates;P. f.;;1;;CIL 1(2).2.829-ILS 5802, Aed. Pl. A milestone on the Via Tiburtina, date uncertain.
467;;Aedile;C3;-300; ;-201; ;M;Mindius;L. f.;;1;;CIL 1(2).2.37, dated in the third century, but not certainly original at Rome.
467;;Aedile;C1;-100;;-1;;(Cn. ?);(O)ctavius;Cn. f.;;3;;Ai[d. cur.], CIL 1(2).2.807, date uncertain but in the last century of the Republic. With [Po]stumius A. f. (see below).
467;y;Aedile;39?;-39;1;-39;1;Q. ?;Cloelius;M. f.;;4;;Senator, perhaps aedilicius or tribunicius, listed in 39 B. C. in the SC de Panamareis (Viereck no. 20).
467;;Aedile;before 76;-77;1;-77;;C. ?;Scribonius;;;10;Curio;Cos. 76 Attained the highest offices (Cic. Off. 2.59). No specific proof that he attained the aedileship.
467;;Aedile;before 91;-92;1;-92;;L. ?;Marcius;Q. f.;;75;Philippus;Cos. 91 Attained all the highest offices (Cic. Off. 2.59). Not specific proof that he held the aedileship.
467;y;Aedile;date uncertain;;;;;-;Pompeius;;;not in RE;Rufus;Aelian NA 9.62. Date and identity uncertain.
467;;Aedile;C1;-100;;-1;;-;(Po)stumius;A. f.;;?;;Ai[d. cur.], CIL 1(2).2.807, date uncertain, but in the last century of the Republic. With (Cn.? O)ctavius Cn. f.
467;y;Aedile;;;;;;L;(-)s;L. f.;;not in RE;Flaccus;CIL 1(2).2.800: Leased a construction for Aesculapius as Aedile and approved it as Praetor.
468;y;Tribunus Plebis;late Republic or early Augustan;-50;1;-10;1;M;Ampudius;N. f.;;1;;Held office in the late Republic or the Early Augustan period. CIL 1(2).2.812** see PIR(2) 1.94, no. 569.
468;;Tribunus Plebis;before 31;-32;1;-32;;Q;Caerellius;M. f.;;2;;Held office before 31 (CIL 6.1364-ILS 943** see PIR(2) 2.29, no. 155).
468;y;Tribunus Plebis;late Republic or early Augustan;-50;1;-10;1;C;Cestius;L. f.;Pob;7;Epulo;Pr. - Held office in the late Republic or Early Augustan age, and died before 12 B.C. (CIL 6.1374-ILS 917). See PIR(2) 2.151, no. 686, where Epulo is interpreted as a priesthood, not a cognomen.
468;y;Tribunus Plebis;late Republic or early Augustan;-50;1;-10;1;C;Appuleius;M. f.;;31;Tappo;Held office in the late Republic or the Early Augustan period. CIL 1(2).2.814-ILS 906. See PIR(2) 1.187f., no. 967.
468;y;Tribunus Plebis;68 or before 60;-68;1;-61;;Q;(Caecilius);;;?;Metellus;One of a group named by Cicero as examples of persons who held the tribunate in one year and became Legates in the next (Leg. Man. 58, 66 B. C.). Metellus may have been either Creticus, Cos. 69, or Nepos, Tr. P1. 68, and a Legate of Pompey in 67, or Celer, Cos. 60.
468;;Tribunus Plebis;before 63;-64;1;-64;;-;Aebutius;;;1, 2;;A Lex Aebutia, probably tribunicial, barred the author of a law from holding an office established by it. This law precedes 63 (Cic. Leg. Agr. 2.21** Dom. 51), but may be after the Gracchi (see however Niccolini, FTP 411, on Liv. Per. 58). If Aebutius lived in the second century he may be the author of the law which introduced the formulary process (Gaius 4.30, FIRA 2.156** see Wenger, RE 6.2859).
468;;Tribunus Plebis;before 66;-67;1;-67;;Q;Caelius;;;Coelius 20;Latiniensis;One of a group named by Cicero as examples of persons who held the tribunate in one year and became Legates in the next (Cic. Leg. Man. 58, 66 B. C.). See CIL 1(2).2.1441.
468;;Tribunus Plebis;;;;;;-;Appuleius;;;not in RE;;Carried a Lex de sponsu (Gaius 3.121-123, FIRA 2.127** 4.22 and 109, FIRA 2.154 and 175) which preceded a Lex Furia on the same subject (see below, on Furius). See Niccolini, FTP 396f.
468;y;Tribunus Plebis;late Republic or early Augustan;-50;1;-30;1;L;Caecina;L. (f.);;not in RE;;Held office in the late Republic or the Early Augustan period. CIL 1(2).2.2515. IIII vir i. d. at Volsinii.
469;y;Tribunus Plebis;late Republic or early Augustan;-50;1;-30;1;M;Fruticius;;;1;;Held office in the late Republic or the Early Augustan period. CIL 12. 2. 826** see PIR(2) 3.203, no. 494.
469;;Tribunus Plebis;before 66;-67;1;-67;;C;Falcidius;;;2;;One of a group named by Cicero as examples of persons who held the tribunate in one year and were Legates the next (Cic. Leg. Man. 58, 66 B. C.).
469;y;Tribunus Plebis;;;;;;-;Fabius;;;2;;No title preserved. Author of a Lex Fabia de plagiariis (Cic. Rab. Perd. 8** cf. Apul. Met. 8. 24, Corneliae legis** Coll. 14.2-3** Dig. 48.15** C. Th. 9.18** C. 9.20** Inst. 4.18.10). See Niccolini FTP 437.
469;;Tribunus Plebis;between 52 and 44;-52;;-44;;P;Decius;;;10;;Held the tribunate after Munatius Plancus Byrsa in 52 and before 44 (Cic. Phil. 13.27** cf. 11.13).? FABIUS (2) No title preserved. Author of a Lex Fabia de plagiariis (Cic. Rab. Perd. 8** cf. Apul. Met. 8. 24, Corneliae legis** Coll. 14.2-3** Dig. 48.15** C. Th. 9.18** C. 9.20** Inst. 4.18.10). See Niccolini FTP 437.
469;;Tribunus Plebis;before 169;-170;1;-170;;C;Furius;;;11;;No title preserved. Carried a law limiting amounts of single legacies to individuals (Cic. Balb. 21** Verr. 2.1.109** Gaius 2.225-226, FIRA 2.90** Ulpian 1.2, FIRA 2.262** Fr. Vat. 301, FIRA 2.531** Inst. 2.22, pr.). It must be dated before the Lex Voconia in 169 (Gaius 2.226, FIRA 2.90). See Lange 2.255, who suggests 183 B. C.
469;y;Tribunus Plebis;before 72 or before 56;-73;1;-57; ;CN;(Cornelius);;;216;Lentulus (Clodianus?);Cos. 72 One of a group of persons named by Cicero as examples of holding a tribunate in one year and becoming Legates in the next (Leg. Man. 58, 66 B. C.). He might be identified with Lentulus Marcellinus, Cos. in 56, if the latter was really a plebeian.
469;y;Tribunus Plebis;;;;;;-;Cicereius;;;not in RE;;No title preserved. Carried a Lex de sponsu (Gaius 3.121-123, FIRA 2.127). See Niccolini FTP 396f. See above on Appuleius and Furius.
469;y;Tribunus Plebis;;;;;;-;Furius;;;not in RE;;No title preserved. Carried a Lex de sponsu (Gaius 3.121-123, FIRA 2.127** 4.22 and 109, FIRA 2.154, and 195** Ulpian fr. in FIRA 2.308f.) which preceded a Lex Cicereia and followed a Lex Appuleia (see above on these). See Niccolini, FTP 396f.
469;y;Tribunus Plebis;early C1?;-100;1;-76;1;-;Cornelius;;;not in RE;;Author of a law providing for IIII viri among the magistrates of Petelia (CIL 10.113, 114-ILS 6468, 6469). Niccolini (FTP 428) suggests a date before the Social War, but Rudolph (Stadt und Staat im alten Italien 94f., 118, note) follows Hardy in attributing it to Cinna in 87 (Some Problems of Roman History 286ff.). No title preserved.
469;y;Tribunus Plebis;;;;;;-;Crepereius;;;not in RE;;No title preserved. Author of a law to regulate the amount of a sponsio before the centumviri (Gaius 4.95, FIRA 2.173). See Niccolini, FTP 447.
470;;Tribunus Plebis;before 63;-64;1;-64;;-;Licinius;;;3;;Author of a Lex Licinia, probably tribunicial, and later than the Lex Aebutia (see above), which barred the relatives of a man who established an office from serving in it. It must precede 63 (Cic. Leg. Agr. 2.21** cf. Dom. 51).
470;y;Tribunus Plebis;C2?;-200;1;-101;1;M;Lucilius;;;12;;A Tribune of the Plebs who was censured by a Censor named Acilius (Fronto Ad M. Caes. 5.41-42, 83 N). Note: No Censor of this name is known. Borghese therefore suggested that he was the unknown Censor of 64. There was however no lectio Senatus that year (Dio 37.9.4). The name Atilius, if it is meant, would bring into consideration the Censors of 247, 234, and 214. Cichorius (Untersuch. Lucil. 26f.) suggests Cornelius the Censor of 147. See Niccolini, FTP 438f.
470;;Tribunus Plebis;before Sulla;-89;1;-89;;T;Iunius;L. f.;;32;;A tribunicius who secured the conviction of P. Sextius, Pr. Desig., for ambitus (Cic. Brut. 180). Before the period of Sulla.
470;;Tribunus Plebis;before 113;-113;1;-113;;-;Memmius;;;3, 5?;;No title preserved. Author of a law, carried before 113, exempting persons who were absent on public business from prosecution during their absence (Val. Max. 3.7.9). See Niccolini, FTP 416.
470;y;Tribunus Plebis;date uncertain;;;;;-;Glitius;;;not in RE;;A Lex Glitia dealt with unjust provision for children in wills (Gaius, Dig. 5.2.4). Date, author, and magistracy uncertain. See Niccolini, FTP 447.
470;y;Tribunus Plebis;;;;;;-;Hostilius;;;not in RE;;A Lex Hostilia permitted actions at law by representatives in cases of theft (Gaius 4.82, FIRA 2.170** Inst. 4.10** Dig. 50.17.123). Carried in the period of the legis actiones (Niccolini FTP 410).
470;y;Tribunus Plebis;contemp of Cato the censor;-234;1;-149;1;-;Iunius;;;not in RE;;No title preserved. Author of a law to regulate money-lending (Fest. 268 L.** Non. Marc. 89 L** FOR 1.28 and 166). See Niccolini, FTP 400, who suggests a date in the period of Cato the Censor.
470;y;Tribunus Plebis;date uncertain;;;;;-;Licinius;;;RE 12.2394;;No title preserved. Author of a Lex Licinia de actione communi dividundo (Dig. 4.7.12). Date and office remain uncertain. See Niccolini, FTP 448.
471;y;Tribunus Plebis;before 65?;-66;1;-66;1;-;Papius;;;2;;No title preserved. Author of a bill to regulate the selection of Vestal Virgins by the Pontifex Maximus (Gell. 1.12.10-12). His date may be earlier than that of the moneyer L. Papius (6), who appears to refer to some law, but Berger (RE, Supb. 7.402) refers this law to C. Papius (5), Tr. P1. in 65.
471;y;Tribunus Plebis;before 42 or between 40 and 32;-43;1;-43;1;L;Memmius;C. f.;Gal;15;;Held office either before 42 or between 40 and 32. CIL 6.1460 -ILS 887.
471;;Tribunus Plebis;between 241 and 123;-241;;-123;;L;Papirius;;;18;;His law calling upon the Pr. Peregrinus to provide for the election of III viri Capitales to exact the sacramenta (Fest. 468 L) must be dated after 241 and before 123 (Niccolini, FTP 396).
471;y;Tribunus Plebis;between 174 and 154?;-174;;-154;1;Q;Papirius;;;24;;Author of a law requiring consecrations of buildings, areas, and altars to be specifically ordered by the people (Cic. Dom. 127-128). Probably after 174 (cf. Liv. 40.52.1) and before 154 (Cic. Dom. 130 and 136). See Niccolini, FTP 403f.
471;y;Tribunus Plebis;before 100 or between 91 and 81?;-100;1;-81;;M;Octavius;Cn. f.;;32;;No title preserved but certainly a Tribune of the Plebs. Carried a Lex frumentaria which abrogated the Lex Sempronia (Cic. Brut. 222** Off. 2.72). Miinzer (RE) suggests a date before the law of Saturninus in 100, but Niccolini (FTP 426f.) holds that annulment of the laws of Saturninus and of Drusus brought the Sempronian law into force again, and the Octavius mentioned in Sallust (Hist. 1.62 M) is the Tribune of 133. He dates Octavius between 91 and 81.
471;y;Tribunus Plebis;;;;;;-;Papirius;;;not in RE;;No title preserved. Author of a law regarding attendants for Aediles of the Plebs (CIL 6.1933-ILS 1923** cf. Niccolini, FTP 445, late Republic).
471;y;Tribunus Plebis;;;;;;-;Ollinius;;;RE 12.2399;;No title preserved. A Lex Ollinia is mentioned in Gaius (4.109, FIRA 2.175).
471;;Tribunus Plebis;before 90;-91;1;-91;;-;Minicius;;;RE Lex Minicia 12.2399;;No title preserved. Author of a law defining the status of children of marriages between Romans and non-Romans (Gaius 1.78-80, FIRA 2.24** Ulpian 5.8, FIRA 2.268). Since it applied to Latins Niccolini (FTP 424) is inclined to date it before 90 B. C.
472;y;Tribunus Plebis;;;;;;-;Plaetorius;;;1;;No title preserved. A Lex Plaetoria (not Laetoria, RE, Supb. 7.398) to protect young men and minors from fraud is attested by Cicero (Off. 3.61** ND 3.74) and by the Lex Iulia Municipalis (line 112** termed Lex Laetoria in the oration of Claudius de aetate recuperatorum, FIRA 1.286). References to such legislation in Plautus (Pseud. 303f.** Rud. 1380-1382) have suggested that it precedes the date of the Pseudolus in 191 (Niccolini, FTP 400f.** Weiss, RE, Supb. 5.578** Buck, Chronology of the Plays of Plautus 4, 96, 105). See Bagnani, Phoenix 6 (1952) 73.
472;;Tribunus Plebis;before 180;-181;1;-181;;-;Plaetorius;;;2;;No title preserved. Author of a law under which A. Postumius Albinus, Cos. 180, as Duovir, dedicated an altar to Verminus (CIL 1(2).2. 804-ILS 4019), and an altar found in the Largo Argentina (MarchettiLonghi, Bull. Corn. 61 [1933] 163-194).
472;y;Tribunus Plebis;before 241?;-242;1;-242;1;M;Plaetorius;;;10;;"Carried a plebiscite defining the attendants of the Pr. Urbanus (Censor. DN 24.3** cf. Plaut. Epid. 25-27** Varro LL 6.5** Gell. 3.2.4). Weiss (RE, s. v. ""Lex Plaetoria,"" no. 1) dates it before 241. Perhaps it was occasioned by the institution of the Pr. Peregrinus (Niccolini, FTP 396** Bruns, FIR7 45)."
472;;Tribunus Plebis;;;;;;-;Porcius;;;?;;The authors at three different periods of the three Porcian laws cannot be identified with certainty, nor did they with certainty hold the tribunate of the Plebs. All three regulated corporal punishment and the right of appeal of Roman citizens (Cic. Rep. 2.54). The first may perhaps be attributed to Cato the Censor (see Fest. 266 L** FOR 1.182-184), a second to a Porcius Laeca (Grueber, CRRBM 1.151), and a third of uncertain attribution forbade scourging a Roman in the city (Sall. Cat. 51.21** see Grueber CRRBM 2.301). One Porcian law permitted condemned persons to go into exile (Sall. Cat. 51.40). See Niccolini, FTP 424-426** Botsford, Roman Assemblies 250-253.
472;;Tribunus Plebis;before 32;-33;1;-33;;-;Petronius;;;not in RE;;No title preserved. Author of a law, dating probably before 32, which regulated the appointment of municipal prefects (CIL 9.2666-ILS 6515** 10.858-ILS 6359** 10.5405-ILS 6125** cf. CIL 9.422, in 32 B. C. - Degrassi 254f.). See Niccolini, FTP 444f.
472;y;Tribunus Plebis;date uncertain;;;;;-;Papius;;;see 5;;Author of the Lex Papia de iure patroni et de bonis libertorum (Gaius 3.42, FIRA 2.109). Date, person, and office uncertain.
473;y;Tribunus Plebis;late Republic or early Augustan;-50;1;-10;1;Q;Sanquinius;Q. f.;;3;;CIL 1(2).2.837-ILS 905** PIR 3.173, no. 135. Late Republic or Early Augustan period.
473;;Tribunus Plebis;before 80;-81;1;-81;;-;Remmius;;;2, cf. 1;;Author of a law, in force in 80, which imposed penalties for unfounded prosecutions (Cic. Rose. Amer. 55** Schol. Gron. 309 Stangl). See Niccolini, FTP 433f.
473;y;Tribunus Plebis;87-81 or after 70;-87; ;-69;1;M;Terentius;;;84, Supb. 6;Varro;Pr. - Varro in Gell. 13.12.6. Conjectures regarding the date vary from 87-81 (Niccolini, FTP 432f.) to after 70 (Cichorius, RS 201f.** Dahlmann, RE, Supb. 6.1176).
473;y;Tribunus Plebis;between 95 and 90?;-95;1;-90;1;-;Porcius;;;see 16;Laeca?;The Tribune whose summons Varro, when III vir Capitalis, refused to obey (Gell. 13.12.6). Probably not a Cato but a Laeca or a Licinus (Cichorius, RS 201). A Porcius Laeca, Monetalis before 103, might have held the tribunate between 95 and 90 when Varro was from 21 to 26 years of age (Cichorius, above** Niccolini, FTP 428).
473;y;Tribunus Plebis;late Republic;-60;1;-31; ;L;Precilius;;;not in RE;;CIL 1(2).2.835** cf. Cic. Fam. 13.15.1. Late Republic.
473;;Tribunus Plebis;before 81;-82;1;-82;;-;Publicius;;;?;;Dig. 11.5.2.1. Author of a law limiting wagers to contests virtutis causa. The date is uncertain but precedes 81, if the Lex Cornelia on the same topic was carried by Sulla. No title preserved. See Niccolini, FTP 433.
473;;Tribunus Plebis;before 81;-82;1;-82;;-;Titius;;;not in RE;;Dig. 11.5.2.1 and 3. Author of a law limiting wagers to contests virtutis causa. The date is uncertain but precedes 81 if the later Lex Cornelia was carried by Sulla. No title preserved. See Niccolini, FTP 433.
473;y;Tribunus Plebis;;;;;;-;Titius;;;not in RE;;No title preserved. Author of a law regulating the assignment of provinces to Quaestors (Cic. Mur. 18** Vat. 12** Schol. Bob. 145 Stangl). See Niccolini, FTP 437f.
473;y;Tribunus Plebis;after 46?;-45;1;-45;1;-;Titius;;;not in RE;;No title preserved. Author of a law regulating appointment of guardians in the provinces (Gaius 1.185, FIRA 2.44** Ulpian 11.18, FIRA 2.275). The date is uncertain, but may come after the Iulian law of 46, and may have been carried by the Tr. P1. of 43. See Niccolini, FTP 443f.
474;y;Quaestor;late Republic or early Augustan;-50;1;-10;1;M;Ampudius;N. f.;;1;;CIL 1(2).2.812** see PIR(2) 1.94, no. 569. Late Republic or Early Augustan period.
474;;Quaestor;q. before 66;-67;1;-67;;Q;Ancharius;;;3;;Quaestor and then Proquaestor in Macedonia (see I. v. Olymp. 328, probably before 55).
474;;Quaestor;C3;-300;;-201;;C. ?;An(n)Ius;;;8;;Quaestor or Praetor in the third century B. C. (CIL 1(2).2.20** see above, Praetors).
474;;Quaestor;q. ca. 60;-60;1;-60;1;Cn;Appuleius;;;27;Saturninus;Quaestor ca. 60. Candidate for the aedileship of 54 (Cic. Plane. 29).
474;;Quaestor;q. before 28;-29;1;-29;;M;Acilius;M. f.;;28;Caninus;Quaestor Urbanus before 28 B. C. (CIL 1(2).2.810). See PIR(2) 1.7, no. 54.
474;y;Quaestor;late Republic or early Augustan;-50;1;-10;1;C;Appuleius;M. f.;;31;Tappo;Late Republic or Early Augustan period. CIL 1(2).2.814-ILS 906. See PIR(2) 1.187f., no. 967.
474;y;Tribunus Plebis;before 90?;-91;1;-91;1;C. ?;Velleius;;;1;;No title preserved. Senator (Cic. ND 1.15, cf. 58, and 66, dramatic date 77), and friend of the orator Crassus (Cic. De Or. 3.78, dramatic date, 91). Niccolini (FTP 427) suggests that he held the tribunate before 90, but he may have been enrolled in the Senate by Sulla.
474;y;Quaestor;late Republic;-60;1;-31; ;Sex;Appuleius;Sex. f.;;16a;;CIL 8.24583-ILS 8963. Late Republic.
474;y;Tribunus Plebis;before Leges Iuliae abolishing manus iniectio?;;;;;-;Vallius;;;?;;No title preserved. A Lex Vallia (Gaius 4.25, FIRA 2.155) preceded the Leges Iuliae abolishing manus iniectio.
474;y;Quaestor;;;;;;-;Aemilius;;;not in RE;;"An Aemilius as Quaestor built the Pons Aemilius (Plut. Num. 9.3). Doubted by Platner-Ashby, s. v. ""Pons Aemilius."""
474;;Quaestor;q. 44-43;-44;;-43;;L;Ap(puleius);;;not in RE;Dec(ianus);Quaestor in Spain, named on coins of Urso, Myrtilus, and Baelo, dated by Grant to 44 and 43 under Sextus Pompey (From Imperium to Auctoritas 24f.). He also issued coins at Lilybaeum in Sicily (Ibid. 25). See Mommsen, RMW 375, note 28.
475;;Quaestor;q. 70s;-79;;-70;;C;Caepasius;;;1;;Brothers who attained the quaestorship, probably in the 70's (Cic. Brut. 242).
475;;Quaestor;q. 70s;-79;;-70;;L;Caepasius;;;1;;Brothers who attained the quaestorship, probably in the 70's (Cic. Brut. 242).
475;;Quaestor;leg. of M. Antonius. C1;-58;1;-30;1;Q;Caerellius;M. f.;;2;;CIL 6.1364-ILS 943** see PIE2 2.29, no. 155. Served as a Legate under M. Antonius.
475;;Quaestor;q. before 46;-47;1;-47;;C;Decimius;;;2;;Quaestor before 46 (Auct. Bell. Afr. 34).
475;;Quaestor;contemp of Cicero;-106;1;-43;1;Q;Axius;;;4;;Senator, probably quaestorius, and fellow-tribesman of Varro (RR 3.2. 1), and a friend and correspondent of Cicero.
475;;Quaestor;C1;-100;;-1;;-;Cornelius;;;5;;Scriba under Sulla's dictatorship and Quaestor Urbanus under Caesar's (Cic. Off. 2.29** cf. Sall. Hist. 1.55.17 M).
475;;Quaestor;39;-39;;-39;;T. ?;Atinius;T. f.;;14;Tyranus;Senator, perhaps quaestorius, named in the SC de Panamareis (Viereck, no. 20).
475;;Quaestor;q before 82;-83;1;-83;;C;Caecilius;;;71;Metellus;A young senator, perhaps a quaestorius, in 82 (Plut. Sulla 31.1-2**cf. Schol. Gron. 337 Stangl).
475;;Quaestor;q. before 70;-71;1;-71;;M;Aurelius;M. f.;;216;Scaurus;Quaestor in Asia before 70 (I. de Delos 4.1.1858 bis-CIL 1(2).2.816** cf. Cic. Verr. 2.1.85).
475;;Quaestor;before 100;-101;1;-101;;C;Billienus;C. f.;;Bellienus 4;;I. de Delos 4.1.1632, before 100 B. C.
475;;Quaestor;q. after 129;-128;;-128;1;L;Aquillius;M'. f. M'. n.;;Cf. 19;Florus;Quaestor in Asia where he restored roads built by the Consul Aquillius in 129 (CIL 3.479-1420111** 3.14202 -IGRP 4.1659-ILS 5814). See PIR(2) 1.193f., nos. 989, 990.
475;y;Quaestor;late Republic;-60;1;-31; ;P;Claudius;P. f. Ap. n. ;;Clodius 49;Pulcher;CIL 6.1282-ILS 882** see PIE2 2.240, no. 987. Son of Cicero's enemy, P. Clodius.
475;y;Quaestor;late Republic;-60;1;-31; ;L;Caecina;;;L. (f.);;(not in RE) Probably in the late Republic. CIL 1(2).2.2515, also a Jill vir i. d. at Volsinii.
476;;Quaestor;39;-39;;-39;;C;Hedius;C. f.;;3;Thorus;Senator, perhaps quaestorius, named in the SC de Panamareis, and the SC de Aphrodisiensibus (Viereck, nos. 20 and 19, resp.).
476;y;Quaestor;late Republic or early Augustan;-50;1;-10;1;Q;Sanquinius;Q. f.;;3;;Late Republic or Early Augustan period. CIL 1(2).2.837-ILS 905** see PIR 3.173, no. 135.
476;;Quaestor;before 72;-73;1;-73;;Q;Hortensius;;;13;Hortalus;Cos. 69, Pr. 72 Cicero in 70 describes his quaestorship as recent (nuper** Verr. 2.3. 182** cf. 2.1.36 and 99** Ps.-Ascon. 234 Stangl). His career had probably been delayed by the civil wars.
476;y;Quaestor;before 43 or between 40 and 34;-44;1;-34;;L;Memmius;C. f.;Gal;15;;CIL 6.1460-ILS 887** see PIR 2.363, M 336. Either before 43 or between 40 and 34.
476;y;Quaestor;ca. 40?;-40;1;-40;1;C;Livius;L. f.;;26;Ocella;Quaestor in Spain in the late Republic (CIL 6.1446** cf. C. Livius named on coins of Vesci in Spain, Grant, From Imperium to Auctoritas 379f., who suggests a date ca. 40, and refers to L. Cella, named in Bell. Afr. 89.5, and the [GREEK] mentioned as a subordinate commander in Spain in that year by Appian in BC 5.54).
476;;Quaestor;before 75;-76;1;-76;;L;Octavius;Cn. f.;;26;;Cos. 75 CIL 1(2).2.832, on the road from Nursia to Spoletium.
476;;Quaestor;before 90;-91;1;-91;;M;Herennius;M. f.;Mae;41;Rufus;CIL 1(2).2.827, before 90 B. C.
476;;Quaestor;after 37;-36;;-36;1;TI;Sempronius;;;56;Gracchus;Q. Desig. in inscriptions on coins of 37 (Grueber, CRRBM 1.593f.).
476;;Quaestor;before 75;-76;1;-76;;C;Pomponius;C. f.;;not in RE;;CIL 1(2).2.832, with L. Octavius, who was probably the Consul of 75. On the road from Nursia to Spoletium.
476;;Quaestor;C1;-100;;-1;;-;Marcus;;;not in RE;;Quaestor in Asia, at some date in the first century B. C. (I. v. Magnesia 155).
476;y;Quaestor;;;;;;(P.);(Pavus);;;RE s. v. Pavus;(Tubitanus);Lucilius 467-468 M. Under this name Lucilius satirized some Quaestor whose real name is lost. See Cichorius, Untersuch. Lucil. 317-320, possibly Tuticanus Gallus (cf. Caes. BC 3.71).
477;;Quaestor;before 50;-51;1;-51;;-;Servaeus;;;3;;Elected Tribune of the Plebs for 50, and therefore a quaestorius. Convicted of bribery (Cael. in Cic. Fam. 8.4.2).
477;y;Quaestor;C1;-100;;-1;;P;Septimius;;;11;;Served as Quaestor under M. Terentius Varro Reatinus (Varro LL 5.1** cf. 7.109), but the date is uncertain. See Cichorius, RS 203f.
477;;Quaestor;before 39;-40;1;-40;;P.;Sextilius;P. f. ;;14;;Senator, perhaps quaestorius, named in the SC de Panamareis (Viereck no. 20).
477;y;Quaestor;late Republic;-60;1;-31; ;L;Servili(us);L. f. L. n.;;17;;CIL 1(2).2.841. Late Republic.
477;;Quaestor;after 242;-241;;-241;1;M;Sergius;M'. f.;;18;;Varro LL 6.90. The date is after 242, but remains otherwise uncertain. See Sobeck 73.
477;;Quaestor;ca. 37;-37;1;-37;1;Q;Voconius;;;5;Vitulus;Q. Desig. in inscriptions on coins of ca. 37 B. C. (Grueber, CRRBM 1.591f.).
477;;Quaestor;before 46;-47;1;-47;;-;Tullius;;;49, cf. 9;Rufus;A quaestorius when he died in Africa in 46 (Bell. Afr. 85.7-8).
477;;Quaestor;Sullan period;-88;;-78;;T;Vibius;;;?;Temudinus;Quaestor Urbanus, who repaired the Via Caecilia (CIL 1(2).2.808, in letters of the period of Sulla).
477;y;Quaestor;date uncertain;;;;;M;Se(-);;;not in RE;;I. de Delos 4.1.1844, date uncertain.
478;;Quaestor - Sicily;before 50;-51;1;-51;;L;Caecilius;L. f.;;75;Metellus;Quaestor in Sicily a few years before his tribunate in 49 (IGRP 1.501). See coins, L. Me., L. Caec., without title, CIL, nos. 383 g, and 384 g** and cf. Grant, 26, note 19.
478;;Quaestor - Sicily;before 50;-51;1;-51;;Q;Fab(ius);;;108;(Maximus?);Cos. Suff. 45 CIL 1(2).2, p. 764, no. 383 d. Grant (26f.) suggests the above identification.
478;;Quaestor - Sicily;before 50;-51;1;-51;;M;(Claudius);;;?;Mar(cellus?);MAR(CELLUS?) CIL 1(2).2, p. 764, no. 383f?** Grant (27, note 3) suggests M. Marcellus, Cos. 51.
478;;Quaestor - Sicily;before 50;-51;1;-51;;M';Acil(ius);;;11, see 15;;Quaestor before 50. Grant identifies him with M. Acilius Caninus who was Caesar's Legate in 48 and Proconsul in Sicily in 46-45 (From Imperium to Auctoritas 17, and 26).
478;;Quaestor - Sicily;before 50;-51;1;-51;;Q;(Publicius?);;;13;Mall(eolus?);CIL 1(2).2, p. 764, no. 383 e. Grant (26) suggests the above identification with the Praetor of 67 or 68.
478;;Quaestor - Sicily;before 50;-51;1;-51;;L;Anni;;;not in RE;;Listed in CIL (loc. cit.), nos. 384 a, b, and d, and e, all or part in monogram.
478;;Quaestor - Sicily;before 50;-51;1;-51;;P;Ann or Ani ;;;not in RE;;Listed in CIL (loc. cit.), nos. 384 a, b, and d, and e, all or part in monogram.
478;;Quaestor - Sicily;before 50;-51;1;-51;;-;An;;;not in RE;;Listed in CIL (loc. cit.), nos. 384 a, b, and d, and e, all or part in monogram.
478;;Quaestor - Sicily;before 50;-51;1;-51;;P. ?;At(ilius)?;;;not in RE;;Reading uncertain (ibid. no. 383). See Grant 27, note 3.
478;;Quaestor - Sicily;before 50;-51;1;-51;;C;Calp(urnius);;;not in RE;;CIL 1.2, p. 764, no. 383 b.
478;;Quaestor - Sicily;before 50;-51;1;-51;;P;Corneli(us);;;not in RE;;CIL 1(2).2, p. 764, no. 384 h.
478;;Quaestor - Sicily;before 50;-51;1;-51;;(P. ?);Naso;;;not in RE;;(Pr. 44?) CIL 1(2).2, p. 764, no. 382 g. Grant suggests that he was the future Praetor of 44 (26f.).
478;;Quaestor - Sicily;before 50;-51;1;-51;;C;D;;;?;;CIL 1(2).2, p. 764, no. 384 i and k.
478;;Quaestor - Sicily;before 50;-51;1;-51;;D;D;;;?;;CIL 1(2).2, p. 764, no. 384 i and k.
478;;Quaestor - Sicily;before 50;-51;1;-51;;L;Gn;;;?;;CIL 1(2).2, p. 764, no. 384 1, minted at Acragas. Grant (28) suggests Gn(orius).
479;;Quaestor - Sicily;before 50;-51;1;-51;;-;Oppius;;;6;;CIL 12. 2, p. 761, no. 384 o. Late Republic.
479;;Quaestor - Sicily;before 50;-51;1;-51;;(L);(Scribonius);;;19;Libo;CIL 1(2).2, p. 764, 384 m. The father of the Consul of 34 is suggested in RE (see CIL 6.31276-ILS 8892** CIL 1(2).2.1744, 1745-ILS 5326, 5528). Grant (29) identifies him with the Consul of 34 himself. See below, on the officers of Sextus Pompey.
479;;Quaestor - Sicily;between 43 and 36;-43;;-36;;Cn;(Calpurnius);;;95;Piso Frugi;Cos. 23. Considered to have been Quaestor in Sicily, listed by Grant (From Imperium to Auctoritas 26-29 and 31f.) as officer of Sextus Pompey during his possession of the island from the end of 43 to the autumn of 36. See Grueber, CRRBM 2.592.
479;;Quaestor - Sicily;before 50;-51;1;-51;;-;Por(cius);;;?;Cato;CIL 1(2).2, p. 764, nos. 382, commentary, and 383 c. Bahrfeldt interprets Por. as referring to the Portus of Panormus. For Cato in CIL Grant reads Cat. Q. (26f.) and suggests that M. Porcius Cato was Quaestor in Sicily. This is impossible since he was fully occupied in Rome (see 64, Quaestors), but C. Porcius Cato, Tr. P1. 56, remains a possibility.
479;;Quaestor - Sicily;before 50;-51;1;-51;;P;Ru(-);;;?;;CIL 1(2).2, p. 764, no. 383 n. Grant (27, note 3) suggests the quaestorship of the Praetor of 49, P. Rutilius Lupus.
479;;Quaestor - Sicily;before 50;-51;1;-51;;P;Te(-);;;?;;CIL 1(2).2, p. 764, nos. 382 h, and i, and 383 o, and p, all or partly in monograms.
479;;Quaestor - Sicily;before 50;-51;1;-51;;C;Tri(-);;;?;;CIL 1(2).2, p. 764, nos. 382 h, and i, and 383 o, and p, all or partly in monograms.
479;;Quaestor - Sicily;before 50;-51;1;-51;;-;Tri(-);;;?;;CIL 1(2).2, p. 764, nos. 382 h, and i, and 383 o, and p, all or partly in monograms. Considered to have been Quaestor in Sicily, listed by Grant as officers of Sextus Pompey during his possession of the island from the end of 43 to the autumn of 36.
479;;Quaestor - Sicily;between 43 and 36;-43;;-36;;C;Allius;;;?;Bala;Considered to have been Quaestor in Sicily, listed by Grant (From Imperium to Auctoritas 26-29 and 31f.) as officer of Sextus Pompey during his possession of the island from the end of 43 to the autumn of 36. See Grueber, CRRBM 1.238-240.
479;;Quaestor - Sicily;between 43 and 36;-43;;-36;;Q;B(-);;;?;;Considered to have been Quaestor in Sicily, listed by Grant (From Imperium to Auctoritas 26-29 and 31f.) as officer of Sextus Pompey during his possession of the island from the end of 43 to the autumn of 36. CIL 1(2).2, p. 764, no. 382 e
479;;Quaestor - Sicily;before 50;-51;1;-51;;A;Pom(peius?);;;26;(Bithynicus?);Pr. 45? CIL 1(2).2, p. 764, no. 483 k. Grant (26, note 19) suggests the above identification.
479;;Quaestor - Sicily;before 50;-51;1;-51;;L;Pos(tumius?);;;14;;CIL 1(2).2, p. 764, nos. 383 1 and m. Almost certainly Postumii. Grant (26, note 19) suggests the Postumius who was appointed to Sicily in 49 (see 49, Promagistrates).
479;;Quaestor - Sicily;before 50;-51;1;-51;;S;Pos(tumius?);;;not in RE;;CIL 1(2).2, p. 764, nos. 383 1 and m. Almost certainly Postumii. Grant (26, note 19) suggests the Postumius who was appointed to Sicily in 49 (see 49, Promagistrates).
479;;Quaestor - Sicily;between 43 and 36;-43; ;-36;;Q;Anni(us);;;not in RE;;Considered to have been Quaestor in Sicily, listed by Grant (From Imperium to Auctoritas 26-29 and 31f.) as officer of Sextus Pompey during his possession of the island from the end of 43 to the autumn of 36. CIL 1(2).2, p. 764, no. 382 b**
479;;Quaestor - Sicily;before 50;-51;1;-51;;A;P;;;?;N;CIL 1(2).2, p. 764, no. 382 d, in monogram.
480;;Promagistrate;pro pr. before 27;-28;1;-28;;C;Arruntanus;;;1;Balbus;Propraetor in Sicily before 27, named on a coin of Melita (Head, HN2 883). Grant (59f.) suggests that he held command only in Melita in 36 as an officer in the fleet and exactor of an indemnity. See PIR(2) 1.220, no. 1122.
480;;Promagistrate;procos before 31;-32;1;-32;;Q;Caerellius;M. f.;;2;;CIL 6.1364-ILS 943** see PIR(2) 2.29, no. 155. Procos., probably before 31.
480;;Promagistrate;pr. after 46;-45;;-45;1;M';Cordius;;;2;Rufus;CIL 1(2).2.782-ILS 902. Procos., date uncertain.
480;;Promagistrate;pro q. before 66;-67;1;-67;;Q;Ancharius;;;3;;Proquaestor in Macedonia, probably before 66 (I. v. Olymp. 328). See Index of Careers.
480;y;Promagistrate;date uncertain;;;;;-;Appuleius;;;6;;Listed by Klein (1.100) as a Proconsul of Sicily, but office, date, and identity remain uncertain. Named on a coin, seen by Borghese, with the inscription Appul( ).
480;;Quaestor - Sicily;between 43 and 36;-43;;-36;;-;(Furius);;;53;Crassipes;Considered to have been Quaestor in Sicily, listed by Grant (From Imperium to Auctoritas 26-29 and 31f.) as officer of Sextus Pompey during his possession of the island from the end of 43 to the autumn of 36. CIL 1(2).2, p. 764, no. 382f.
480;y;Promagistrate;;;;;;C;Clodius;;;62;Vestalis;Procos. (CIL 11.3310a-ILS 904) in Crete and Cyrene (Ann. Epig. 1934, no. 258). See PIR(2) 2.284f., no. 1192.
480;y;Promagistrate;procos. 110-109?;-110;;-109;1;Ser;Cornelius;Ser. f.;;208b;Lentulus;I. de Delos 4.1.1845, Procos., probably of Asia, possibly ca. 110-109 B. C., when Dionysius son of Nikon was Epimelete.
480;;Promagistrate;pro q. C2;-200;;-101;;Q;Baebius;Q. f.;;20a, Supb. 1.235, or 53, Supb. ;;A Proquaestor? in Greece, perhaps in the second century B. C. (IG 5.2.146, a patron of Tegea** and 147, [GREEK]).
480;y;Promagistrate;late Republic;-60;1;-30;1;L;Caecina;L. (f.);;not in RE;;(not in RE) Pr. Cos. (CIL 1(2).2.2515). Probably in the late Republic. A IIII vir i. d. at Volsinii.
481;;Promagistrate;pro pr. before 54;-55;1;-55;;C;Megabocchus;;;1;;Promagistrate, probably Propraetor, in Sardinia before 54 (Cic. Scaur. 2.40).
481;;Tribunus Militum;leg. before 31;-32;1;-32;;Q;Caerellius;M. f.;;2;;A Legate under M. Antonius, CIL 6.1364-ILS 943** see PIR(2) 2.29, no. 155.
481;y;Promagistrate;late Republic or early Augustan;-50;1;-10;1;Q;Sanquinius;Q. f.;;3;;Procos. (CIL 1(2).2.837-ILS 905** see PIR 3.173, no. 135). Late Republic or Early Augustan Age.
481;y;Tribunus Militum;75-72?;-75; ;-72;1;M';Fonteius;;;10;;Termed Legatus on denarii of P. Fonteius Capito (Grueber, CRRBM 1.478f.** cf. Cic. Font. 41). He perhaps served in Gaul under M. Fonteius in 75-72.
481;y;Promagistrate;;;;;;P;Licinius;;;27;;Proconsul in Illyricum against the Iapydes (Frontin. Str. 2.5.28, date uncertain).
481;;Tribunus Militum;before 236;-237;1;-237;;Q;Fabius;;;116;Maximus Verrucosus;Cos. 233, 228, 215, 214, 209 Tribune of the Soldiers twice (Elogium, Inscr. Ital. 13.3, no. 80 -ILS 56), probably before 236.
481;y;Promagistrate;late Republic xxxx;;;;;(L);(Scribonius);L.f.;;20?;Libo;Cos. 34? Proquaestor pro praetore in Farther Spain (Hubner, Eph. Epig. 8.502, no. 277, found at Arcos de la Frontera, date uncertain).
481;;Promagistrate;q. pro pr. late C2;-125;;-101;;-;Marcus;;;not in RE;;Quaestor pro praetore (I. de Delos 4.1.1843, late second century).
481;y;Promagistrate;C1;-100;;-1;;M;(Sempronius?);;;not in RE;Rufus;Named as Procos. on coins of some Col(onia) Iul(ia) in Asia Minor (Grant, From Imperium to Auctoritas 238ff.). Grant identifies him with M. Sempronius Rutilus, a Legate under Caesar in Gaul in 52, and suggests that the colony was Lystra and that Dolabella may have named him governor of Asia. This is improbable since his title would be Legate. See Magie, Roman Rule in Asia Minor 2.1324, note 41.
481;;Promagistrate;before 88;-89;1;-89;;P;[-]nius;;;not in RE;;I. de Delos 4.1.1846, before 88, Proquaestor. Tribunes of the Soldiers
481;;Promagistrate;procos. between 49 and 46;-49;;-46;;C;Rabirius;C. f.;;see 6;;Proconsul, perhaps of Asia, possibly between 49 and 46 (I. de Delos 4.1.1859-CIL 1(2).2.773). Perhaps the C. Postumus who was a candidate for the praetorship in 63 (Cic. Mur. 56-57 and 69).
482;;Legatus;before 31;-32;1;-32;;Q;Caerellius;M. f.;;2;;A Legate under M. Antonius (CIL 6.1364-ILS 943** see PIR(2) 2.29, no. 155). Before 31.
482;;Tribunus Militum;between 92 and 64;-92;;-64;;M;Petreius;;;3;;Sall. Cat. 59.6, which describes a career between 92 and 64.
482;;Legatus;c. 39;-39;1;-39;1;C;Cocceius;;;3;Balbus;Cos. Suff. 39 Honored at Athens as Imperator (IG2 2-3.4110). Probably served under M. Antonius, but it is not clear whether it was before or after his consulship in 39.
482;;Tribunus Militum;after 43;-42;;-42;1;Q;Pinarius;;;6;;Tr. Mil. Leg. VI Macedonica, probably under the Second Triumvirate (ILS 8862).
482;;Legatus;before 150;-151;1;-151;;Q;Coponius;Q. f.;;7;;SEG 1.151 (K6'LVov Ko7T[CJ|v]Lov, KotvTou ul6v, 7Cp~zsrpUT7V 'Prom[tco]v), honored by the Koinon of the Phocians. See Daux, Delphes 596, no. 4. Before 150.
482;;Tribunus Militum;before 70;-71;1;-71;;C;Octavius;;;15;;Pr. 61 Tribune of the Soldiers twice (Elogium, CIL 12.1, p. 199-Inscr. Ital. 13.3, no. 75-ILS 47), probably shortly before 70.
482;y;Legatus;;;;;;Q;(Caecilius);;;?;Metellus;Cic. Leg. Man. 58. See above, Tribunes of the Plebs of uncertain date.
482;;Legatus;before 66;-67;1;-67;;Cn;(Cornelius);;;?;Lentulus;Pat. Cic. Leg. Man. 58. See above, Tribunes of the Plebs of uncertain date. Before 66.
482;;Tribunus Militum;before 73;-74;1;-74;;M;Valerius;M. f. M'. n.;;266;Messalla Niger;Cos. 61 Tribune of the Soldiers twice, probably before 73 (Elogium, Inscr. Ital. 13.3, no. 77-CIL 12.1, p. 201-ILS 46
482;;Legatus;before 100;-101;1;-101;;C;Billienus;C. f.;;4, cf. 3;;I. de Delos 4.1.1710, before 100.
482;;Legatus;before 66;-67;1;-67;;Q;Caelius;;;Coelius 20;Latiniensis;Cic. Leg. Man. 58** cf. CIL 1(2).2.1441. Before 66. See Tribunes of the Plebs of uncertain date.
482;;Legatus;2nd half C1;-50;;-1;;-;Appuleius;;;not in RE;;I. de Delos 4.1.1702, second half of the first century B. C.
483;;Legatus;before 66;-67;1;-67;;C;Falcidius;;;2;;Cic. Leg. Man. 58. See above, Tribunes of the Plebs of uncertain date. Before 66.
483;;Legatus;between 92 and 63;-92;;-63;;M;Petreius;;;3;;Pr. 64 Sall. Cat. 59.6, which describes a career which extended over the period from 92 to 63.
483;y;Legatus;late Republic;-60;1;-31; ;M';Sabidius;M'. f.;;3;;Legate in Sicily, honored by Romans in business at Panormus. CIL 1(2).2.836** cf. Q. Cic. Comm. Pet. 8. Late Republic.
483;y;Legatus;;;;;;Q. ?;Cosconius;Q. f.;;10;;SEG 1.151. See above, on Q. Coponius. Pomtow supplied the name Cosconius in the inscription.
483;;Praefectus;before 90;-91;1;-91;;M;Herennius;M. f.;Mae;41;Rufus;CIL 1(2).2.827-ILS 910, before 90 (Praef. Cap. Cum.).
483;;Legatus;before 78;-79;1;-79;;L;Valerius;;;310;Praeconinus;A Legate in Transalpine Gaul probably before 78, who was defeated and himself slain in Aquitania (Caes. BG 3.20.1).
483;;Legatus;between 43 and 35;-43;;-35;;L;Iuni(us);;;21a;;Termed Leg(atus) Sic(iliae) on coins, perhaps issued at Panormus under Sextus Pompey (see Grant, From Imperium to Auctoritas 29-31** Grueber, CRRBM 2.562 note** Minzer, RE). Perhaps to be identified with L. Iunius Silanus (165).
483;y;Legatus;late Republic;-60;1;-31;;-;(Marcius);;;not in RE;Rex;No title preserved. An official in Sicily to whom Cicero recommended a man from Melita (Fam. 13.52).
483;y;Legatus;42-41?;-42; ;-41;1;M;Turius;;;not in RE;;Termed Leg(atus) on coins of Alexandria Troas. Grant suggests that he held office in Asia under Antony in 42-41 (From Imperium to Auctoritas 246f.). See Magie, Roman Rule in Asia Minor 2.1587.
483;y;Legatus;;;;;;-;(-)cius;;;not in RE;Balbus;Termed Legatus pro praetore in an inscription of Cos (Ann. Epig. 1934, no. 85** see Magie, Roman Rule in Asia Minor 2.1587).
483;;Legatus;2nd half C2;-150;;-101;;-;(-)us;M. f.;;not in RE;;SEG 1.149** second half of the second century B.C. See Daux, Delphes 596, no. 5. Praefecti
483;;Legatus;before 60;-61;1;-61;;C;Plotius;;;Plautius 11;;A Legate in Asia before 60 (Cic. Flacc. 50).
484;y;Praefectus;;;;;;Q;Laenius;Q. f.;;1;;CIL 9.4204-ILS 6127. A Prefect such as those to Capua and Cumae.
484;;Praefectus;between 92 and 63;-92;;-63;;M;Petreius;;;3;;Sall. Cat. 59.6, which describes a career extending from 92 to 63
484;y;Triumvir;late Republic;-60;1;-31; ;C;Lucilius;;;6;;CIL 1(2).2.2204, III vir Capitalis, late Republic.
484;y;Triumvir;date uncertain;;;;;L;Calpurnius;;;14;;Val. Max. 8.3.2, III vir Capitalis, date uncertain.
484;;Praefectus;after 42;-41;;-41;1;L;Memmius;C. f.;Gal;15;;Praefectus Leg. XXVI et VII Lucae ad agros dividundos (CIL 6.1460-ILS 887). Probably after the battle of Philippi. See PIR 2.363, no. 336** 41, Special Commissions.
484;y;Praefectus;;;;;;M;Plautius;;;22;;In command of a fleet, probably a Praefectus Classis, and when returning from Asia committed suicide for grief at the loss of his wife Orestilla, at Tarentum (Val. Max. 4.6.3).
484;y;Iudex Quaestionis;late Republic or early Augustan;-50;1;-10;1;C;Appuleius;M. f.;;31;Tappo;Judex Quaestionis rerum, capitalium (CIL 1(2).2.814-ILS 906). Late Republican or Early Augustan period.
484;;Praefectus;before 74;-75;1;-75;;L;Licinius;;;123;Murena;Cos. 62, Pr. 65 Praefectus Fabrum (Cic. Mur. 73, date uncertain, but before 74).
484;;Triumvir;between 95 and 90;-95;;-90;;M;Terentius;;;84, Supb. 6;Varro Reatinus;III vir Capitalis?, probably between 95 and 90 (Gell. 13.12.6** see Cichorius, ES 200f.).
484;y;Triumvir;late Republic;-60;1;-31; ;L;Servilius;L. f. L. n.;;cf. 17;;CIL 1(2).2.841. The field of competence remains unknown. Late Republic.
484;y;Quaesitor;;;;;;P;Claudius;P. f. Ap. n.;;Clodius 49;Pulcher;CIL 6.1282-ILS 882. See Mommsen, Str. 2.586, note 2.
484;y;Triumvir;date uncertain;;;;;-;(-)ius;Sex. f.;;not in RE;;CIL 1(2).2.842. Date and field of competence uncertain.
485;y;Viocurus;;;;;;-;Cosconius;;;1;;Termed viocurus in Varro LL 5.158. Often a function of the Aediles.
485;y;Quindecimvir Sacris Faciundis;;;;;;M. ?;Opimius;;;8;;References to Apollo on his coins indicate to Bardt that he may have been a Quindecimvir (Bardt 30** see Grueber, CRRBM 1.173, ca. 99-95), but the decisive symbol, the tripod, is lacking.
485;y;Augur;decemvir before 80;-81;1;-81;;C;Coelius;;;13;Caldus;Decemvir before 80 (Grueber, CRRBM 1.475** cf. Bardt 30). See above, Augurs.
485;y;Quindecimvir Sacris Faciundis;decemvir before 80;-81;1;-81;;C;Coelius;;;13;Caldus;Decemvir before 80 (Grueber, CRRBM 1.475** cf. Bardt 30). See above, Augurs.
485;y;Curator Frumenti;before 43 or between 40 and 34;-44;1;-44;;L;Memmius;C. f.;Gal;15;;Frumenti curator ex S. C. (CIL 6.1460-ILS 887** see PIR 2.363, no. 336). Before 43 or between 40 and 34.
485;;Decemvir Stlitibus Iudicandis;before 100;-101;1;-101;;M;Livius;M. f. C. n.;;18;Drusus;Elogium, Inscr. Ital. 13.3.74, probably before 100.
485;;Quindecimvir Sacris Faciundis;ca. 69;-69;1;-69;1;L. ?;Manlius;;;80;Torquatus;Pr. 49 Perhaps a Quindecimvir. See coins with the type of the Sibyl and the tripod, dated by Grueber about 69 (CRRBM 1.432f.).
485;y;Decemvir Stlitibus Iudicandis;late C2 to early C1;-125;1;-76;1;C. ?;Iulius;;;130;Caesar;Pr. ca. 92 Elogium, Inscr. Ital. 13.3.75a, as restored by Tenney Frank and Degrassi. See however Broughton, AJA 52 (1948) 323-330** and 100, Special Commissions.
485;;Decemvir Stlitibus Iudicandis;before 150;-151;1;-151;;Cn;Cornelius;;;347;Scipio Hispanus;Pr. 139 Elogium, CIL 1(2).2.15-ILS 6. Before 150 B. C.
485;y;Augur;late Republic or early Augustan;-50;1;-10;1;P;Claudius;P. f. Ap. n.;;Clodius 49;Pulcher;CIL 6.1282-ILS 882. Son of Cicero's enemy Clodius. Late Republic or Early Augustan period.
485;y;Viocurus;;;;;;-;Pullius;;;2;;Viocurus (Varro LL 5.158). Often a function of the Aediles.
486;;Septemvir Epulonum;ca. 80;-80;1;-80;1;L;Coelius;;;15;Caldus;Grueber, CRRBM 1.475, ca. 61. See Klose 4, no. 5. Probably about 80 B. C.
486;y;Septemvir Epulonum;Died before 12. Probably not the praetor of 44;-50;1;-13;;C;Cestius;L. f.;;17;Epulo;CIL 6.1374, and 1375-ILS 917, 917a. See PIR(2) 2.151f., no. 686. Probably not the Praetor of 44. Died before 12 B. C.
486;y;Priest;late Republic;-60;1;-31; ;C;Fonteius;C. f.;;20;Capito;Cos. Suff. 33 Named as priest (Lzpse) in a still unpublished inscription of Cos. See PIR(2) 3.197, no. 469.
486;y;Flamen;;;;;;M;Cornelius;;;92;Cethegus;Val. Max. 1.1.4. A Flamen, not further identified, who was compelled to abdicate because of faulty performance of sacrifices.
486;y;Septemvir Epulonum;late Republic;-60;1;-31;;Ap;Claudius;C. f.;;298;Pulcher;Cos. 38 CIL 10.1423-ILS 890, note 1. See PIR(2) 2.237, no. 982
486;;Flamen;ca. 100;-100;1;-100;1;-;(Postumius);;;43;Albinus;
486;y;Flamen Iulialis;late Republic or early Augustan;-50;1;-10;1;Sex;Appuleius;Sex. f.;;16a;;[Flamen] Iulialis (CIL 8.24583-ILS 8963). Late Republic or Early Augustan period.
486;y;Vestal;;;;;;;Aemilia;;;not in RE;;Her fire, apparently extinguished, was miraculously relit (Dion. Hal. 2.68.3-5** Val. Max. 1.1.7** cf. Propert. 4.11.53-54** Grueber, CRRBM 1.448, note). Date and identification remain uncertain.
486;;Flamen Dialis;C2;-200;;-101;;P;Cornelius;P. f.;;see 331;Scipio;Flamen Dialis, second century (CIL 1(2).2.10-ILS 4). See 180, Augurs** and 174, Flamen Dialis, and note 6.
